product,profit_and_loss,cluster
PEBBLES_XL,9561.25,PEBBLES
PANEL_4X4,8193.5703125,PANEL
GALAXY_SOUNDS_PLANETARY_RINGS,7705.890625,GALAXY_SOUNDS
SLEEP_POD_COTTON,7160.5625,SLEEP_POD
TRANSLATOR_SPACE_GRAY,6646.359375,TRANSLATOR
SLEEP_POD_LAMB_WOOL,5879.140625,SLEEP_POD
UV_VISOR_RED,5856.0078125,UV_VISOR
PEBBLES_S,5534.21875,PEBBLES
ROBOT_LAUNDRY,5235.0,ROBOT
ROBOT_IRONING,5070.0,ROBOT
MICROCHIP_SQUARE,4649.375,MICROCHIP
TRANSLATOR_GRAPHITE_MIST,4573.1796875,TRANSLATOR
MICROCHIP_OVAL,4518.1953125,MICROCHIP
UV_VISOR_ORANGE,4408.09375,UV_VISOR
UV_VISOR_AMBER,4163.9375,UV_VISOR
GALAXY_SOUNDS_DARK_MATTER,3997.9765625,GALAXY_SOUNDS
PANEL_1X4,3936.46875,PANEL
PANEL_2X2,3823.4140625,PANEL
TRANSLATOR_ECLIPSE_CHARCOAL,3665.703125,TRANSLATOR
UV_VISOR_MAGENTA,3617.4140625,UV_VISOR
PANEL_1X2,3514.4375,PANEL
TRANSLATOR_ASTRO_BLACK,3478.515625,TRANSLATOR
ROBOT_DISHES,3446.7890625,ROBOT
PANEL_2X4,3352.46875,PANEL
MICROCHIP_TRIANGLE,2741.1875,MICROCHIP
OXYGEN_SHAKE_GARLIC,2708.1171875,OXYGEN_SHAKE
ROBOT_MOPPING,2681.5546875,ROBOT
MICROCHIP_RECTANGLE,2513.9921875,MICROCHIP
OXYGEN_SHAKE_MINT,2364.65625,OXYGEN_SHAKE
ROBOT_VACUUMING,2277.890625,ROBOT
OXYGEN_SHAKE_MORNING_BREATH,2123.828125,OXYGEN_SHAKE
OXYGEN_SHAKE_EVENING_BREATH,1980.0,OXYGEN_SHAKE
PEBBLES_XS,1857.640625,PEBBLES
TRANSLATOR_VOID_BLUE,1669.1328125,TRANSLATOR
SLEEP_POD_NYLON,1649.359375,SLEEP_POD
PEBBLES_M,1486.9609375,PEBBLES
MICROCHIP_CIRCLE,1409.25,MICROCHIP
GALAXY_SOUNDS_SOLAR_FLAMES,1144.6171875,GALAXY_SOUNDS
SNACKPACK_VANILLA,959.69921875,SNACKPACK
SNACKPACK_CHOCOLATE,671.6796875,SNACKPACK
SLEEP_POD_POLYESTER,604.1875,SLEEP_POD
UV_VISOR_YELLOW,579.46875,UV_VISOR
GALAXY_SOUNDS_BLACK_HOLES,572.0390625,GALAXY_SOUNDS
SNACKPACK_STRAWBERRY,550.0234375,SNACKPACK
PEBBLES_L,512.421875,PEBBLES
SNACKPACK_PISTACHIO,493.0,SNACKPACK
OXYGEN_SHAKE_CHOCOLATE,265.1982421875,OXYGEN_SHAKE
GALAXY_SOUNDS_SOLAR_WINDS,0.0,GALAXY_SOUNDS
SLEEP_POD_SUEDE,0.0,SLEEP_POD
SNACKPACK_RASPBERRY,-674.484375,SNACKPACK
